epoch,train_loss,train_accuracy,val_loss,val_accuracy,val_macro_f1,learning_rate,train_seconds,validation_seconds,epoch_seconds,total_seconds,train_images_per_second,validation_images_per_second,train_peak_gpu_memory_mib,validation_peak_gpu_memory_mib
1,2.690572206179301,0.12760416666666666,2.777043612798055,0.0625,0.007352941176470588,0.0009990133642141358,5.756805500015616,0.7168358289636672,6.569668208947405,6.56967111886479,333.5183028147801,669.6093869832625,589.73193359375,253.23486328125
2,2.3979177554448445,0.21145833333333333,2.8310497124989826,0.0625,0.007352941176470588,0.000996057350657239,2.6674181181006134,0.7759440110530704,3.5967822591774166,10.245143021922559,719.7971652705025,618.6013335531377,590.41943359375,253.23486328125
3,2.2462090373039247,0.290625,2.856346766153971,0.0625,0.007352941176470588,0.0009911436253643444,2.520682548871264,0.772476898971945,3.4156300770118833,13.661687629995868,761.6984538016327,621.3778051341219,590.41943359375,253.23486328125
4,2.0663572510083514,0.36614583333333334,2.8988967577616376,0.0625,0.007352941176470588,0.0009842915805643156,2.8097341540269554,0.7503694130573422,3.6680440788622946,17.330743874888867,683.3386700475651,639.6849227159518,590.41943359375,253.23486328125
5,1.8760635375976562,0.45260416666666664,2.968815247217814,0.0625,0.007352941176470588,0.0009755282581475769,2.503259384073317,0.7916534789837897,3.4592304099351168,20.791065224912018,767.0000209390071,606.3258897265943,590.41943359375,253.23486328125
6,1.7046584129333495,0.5244791666666667,2.9866591453552247,0.0625,0.007352941176470588,0.0009648882429441258,2.534838682040572,0.7359576199669391,3.4245844341348857,24.21671715681441,757.4446506609169,652.2114684016217,590.41943359375,253.23486328125
7,1.577032486597697,0.5640625,2.9822583834330243,0.0625,0.007352941176470588,0.0009524135262330099,2.6296183459926397,0.6993430850561708,3.442449666094035,27.66022853087634,730.143978089425,686.3583986984681,590.41943359375,253.23486328125
8,1.5602110743522644,0.5729166666666666,3.059615135192871,0.0625,0.007352941176470588,0.0009381533400219318,2.484140847111121,0.7250470251310617,3.33666560286656,30.998055367032066,772.903034959883,662.026025019872,590.41943359375,253.23486328125
9,1.4899139761924745,0.6,3.1037086486816405,0.0625,0.007352941176470588,0.0009221639627510075,2.4492846929933876,0.7160802229773253,3.288175584981218,34.28704332886264,783.9023391165999,670.315957064491,590.41943359375,253.23486328125
10,1.4006060481071472,0.65,3.0781606833140054,0.0625,0.007352941176470588,0.0009045084971874736,2.5143655000720173,0.6971533889882267,3.3243148650508374,37.612612660974264,763.6121319454179,688.514188673199,590.41943359375,253.23486328125
11,1.342984402179718,0.6677083333333333,3.1931676705678305,0.0625,0.007352941176470588,0.0008852566213878945,2.4922971550840884,0.7219750201329589,3.3531788350082934,40.96707564382814,770.3736274317661,664.8429469368666,590.41943359375,253.23486328125
